"","cgi","cgi-shore"
"hyper1",0.0687877231562748,0.164609992955436
"hypo1",0.000782609245178289,0.0154272346897606
"hyper2",0.0781542960110524,0.156187582767849
"hypo2",0.000557005958110031,0.0151295658631302
"hyper3",0.222282160956213,0.255249563668842
"hypo3",0.00126531299533297,0.0268918522631186
"hyper4",0.108290224566236,0.187277823237738
"hypo4",0.000691438855948825,0.0174405534206137
