"","gene","tss","exon","intergenic","cgi","cgi_shore","TFBS","LINE","SINE"
"hyper1",186.629650842295,39.3755685626358,79.8090769191348,-73.4967057195302,73.4077767335493,125.599681701931,110.033364636849,-40.1095646051903,-11.0676043631399
"hypo1",-78.8148225348829,-11.5184467827967,-25.050864224472,340.099760562136,-12.0679703503658,-44.245075549423,14.7720081515628,145.854990052824,55.3912062351456
"hyper2",149.194948238132,17.0598613082714,70.6389749990491,-72.8041536260207,49.9505018640358,81.9780637895666,96.3255270265178,-28.2503997642258,-13.8183536950014
"hypo2",-78.9873817792139,-8.08387972126651,-31.157235095919,403.096135683148,-16.5259453821111,-49.8178381882913,26.0439674258796,148.184042942574,54.7478948194249
"hyper3",68.9192170430859,18.3878357479384,35.6376038414033,-38.4424840149784,97.2318402950626,86.3187882891949,49.6761125639202,-18.8870217631436,-16.7589476663237
"hypo3",2.86368342052157,0.582912019982854,6.44983033139274,667.148494033002,-18.1258312620983,-23.4931373359657,79.7604859596359,174.751814631758,265.447669505436
"hyper4",145.654735141138,31.2795022798447,72.3176841246677,-72.7776267212361,78.9628304709718,115.416906564129,88.5837212222825,-30.0861479861147,-7.17744654207912
"hypo4",-50.3020074317085,-8.54474391334591,-23.1230281160141,395.217714726333,-16.8215145521287,-44.3366436889497,51.6224829488162,142.267589321639,67.5693559092093
