"","<1kb","1kb~5kb","5kb~10kb",">10kb"
"hyper1",0.125372157351295,0.138664245444372,0.0886526320234802,0.647310965180853
"hypo1",0.00994767806140301,0.0328456462125589,0.0410479034607341,0.916158772265304
"hyper2",0.094968387776607,0.148006673691605,0.096175799086758,0.66084913944503
"hypo2",0.00984137598386354,0.0303928876806034,0.0374416259235711,0.922324110411962
"hyper3",0.163443856227361,0.181276121482307,0.106380607411535,0.548899414878796
"hypo3",0.0119258464183029,0.0501120805001317,0.0545525267903807,0.883409546291185
"hyper4",0.134948338452946,0.15337894442893,0.0947186540072605,0.616954063110863
"hypo4",0.0101651438901647,0.0338886988811257,0.0420506180681096,0.9138955391606
