"","gene","intergenic"
"hyper1",0.75444808079461,0.24555191920539
"hypo1",0.261409028770141,0.738590971229859
"hyper2",0.807111391314382,0.192888608685618
"hypo2",0.276684162301936,0.723315837698064
"hyper3",0.742930040338176,0.257069959661824
"hypo3",0.337810109765106,0.662189890234894
"hyper4",0.77596287757158,0.22403712242842
"hypo4",0.306329766646375,0.693670233353625
