"","neg","pos"
"hyper1",0.18088430921261,0.139392723663929
"hypo1",0.10038407395051,0.287115620905991
"hyper2",0.205677028451001,0.0965270460133474
"hypo2",0.048316195654557,0.345569051325338
"hyper3",0.221342992477013,0.110169963778211
"hypo3",0.12167384240292,0.266183501910782
"hyper4",0.234798240714884,0.113725216419994
"hypo4",0.0735672057458348,0.302504030878976
