"","tumor","normal"
"hyper1",0.75172877140796,0.546537339927275
"hypo1",0.644119768478271,0.847727401864317
"hyper2",0.686148691035707,0.516756251032026
"hypo2",0.667328310950192,0.850761152096424
"hyper3",0.589732806004653,0.384851283093962
"hypo3",0.581410566700449,0.848963088797961
"hyper4",0.710095280353231,0.513440150198891
"hypo4",0.629521187909268,0.8408403491794
